product,series,sales_price,imgurl
GTX Basic,GTX,550,https://1drv.ms/i/c/1b3f788e3e1bffaa/EQiQLb3RIFJHknsEJHfOHlYBZE_HKzhh56TZZpULoqo97w?e=khwWgp
GTX Pro,GTX,4821,https://1drv.ms/i/c/1b3f788e3e1bffaa/EQiQLb3RIFJHknsEJHfOHlYBZE_HKzhh56TZZpULoqo97w?e=khwWgp
MG Special,MG,55,https://1drv.ms/i/c/1b3f788e3e1bffaa/EQCjckVJRCJCry3-xexj-ywBrkC3uj9E6qe0hoz5WL_O-A?e=5xjVF6
MG Advanced,MG,3393,https://1drv.ms/i/c/1b3f788e3e1bffaa/EQCjckVJRCJCry3-xexj-ywBrkC3uj9E6qe0hoz5WL_O-A?e=5xjVF6
GTX Plus Pro,GTX,5482,https://1drv.ms/i/c/1b3f788e3e1bffaa/EQiQLb3RIFJHknsEJHfOHlYBZE_HKzhh56TZZpULoqo97w?e=khwWgp
GTX Plus Basic,GTX,1096,https://1drv.ms/i/c/1b3f788e3e1bffaa/EQiQLb3RIFJHknsEJHfOHlYBZE_HKzhh56TZZpULoqo97w?e=khwWgp
GTK 500,GTK,26768,https://1drv.ms/i/c/1b3f788e3e1bffaa/EbmRkc2wTZBIgVbNP_rBcicBl6dzcassi9CpW5ciBes0tA?e=najUoG
